Gender,Married,Dependents,Education,Self_Employed,Loan_Amount_Term,Credit_History,Loan_Status,Total_Income,Monthly_Repayment,Loan_Income_Ratio,Property_Area_Semiurban,Property_Area_Urban
1,0,0,1,0,0.0,1,1,0.12888326007598896,-0.025641025641025588,-0.25120384063882495,0,1
1,1,1,1,0,0.0,1,0,0.20099828652313192,-0.025641025641025588,-0.34848766344754917,0,0
1,1,0,1,1,0.0,1,1,-0.7201072785517395,-0.8205128205128205,-0.23823403148058836,0,1
1,1,0,0,0,0.0,1,1,-0.1416970870893243,-0.1282051282051282,0.01760819730110634,0,1
1,0,0,1,0,0.0,1,1,0.17388065261118976,0.14102564102564125,-0.07040125766083886,0,1
1,1,2,1,1,0.0,1,1,1.250540117708411,1.7564102564102566,0.40790963548633635,0,1
1,1,0,0,0,0.0,1,1,-0.46710869403263056,-0.44871794871794857,0.061821375355378516,0,1
1,1,3,1,0,0.0,0,0,0.03680250316620726,0.35897435897435925,0.49126293486951417,1,0
1,1,2,1,0,0.0,1,1,0.03441853534977278,0.48717948717948745,0.6981345027154978,0,1
1,1,1,1,0,0.0,1,0,2.1273560306935857,2.1666666666666665,-1.059683432915468,1,0
1,1,2,1,0,0.0,1,1,-0.45191089920286076,-0.7692307692307692,-0.6915259676091425,0,1
1,1,2,1,0,0.0,1,1,-0.32079266929896444,-0.2692307692307692,0.11032189817271632,0,1
1,1,2,1,0,0.0,1,1,1.71720181777546,0.8974358974358977,-0.6980188639779289,0,1
1,0,0,1,0,0.0,1,0,-0.2156000893987931,-0.20512820512820495,0.01815827616307755,0,0
1,1,2,1,0,-240.0,1,1,-0.9033748044401401,-1.012820512820513,-1.9022531754041425,0,1
1,0,0,1,0,0.0,1,1,-0.1390151232958355,-0.06410256410256397,0.1256861918861412,0,1
1,0,1,0,0,-120.0,1,1,-0.5425016762273709,0.25641025641025667,0.411690139736862,0,1
0,0,0,1,0,0.0,0,0,-0.5681293302540416,-0.6923076923076923,-0.27712405694309455,0,1
1,1,0,0,0,0.0,1,0,-0.15778886985025703,0.038461538461538644,0.3452713328970307,0,0
1,1,0,1,0,0.0,1,1,0.20368025031662074,-0.19230769230769218,-0.5904077208072758,0,1
1,1,0,0,0,0.0,0,0,0.6685539745213439,-0.33333333333333315,-1.1806683715023671,0,1
1,1,1,1,0,0.0,1,1,1.8366982045742382,2.1666666666666665,0.3438181443917036,0,1
1,1,0,0,0,0.0,0,0,-0.2698353572226775,-0.17948717948717938,0.17742275174136704,1,0
1,1,2,0,0,0.0,0,0,-0.04008045891380466,-0.2307692307692308,-0.32728729175298843,0,0
1,1,1,1,0,0.0,1,0,0.3651940698800566,0.26923076923076944,-0.15609485601686277,1,0
1,1,0,1,1,0.0,1,1,1.2347463309245326,0.7820512820512823,-0.46435182717079476,1,0
1,1,0,1,0,0.0,1,1,-0.10861953363629591,-0.10256410256410235,0.0021978229120217913,1,0
1,1,2,0,0,0.0,1,1,-0.04484839454667362,-0.2564102564102564,-0.362573491208804,0,1
1,0,0,0,0,0.0,1,0,-1.1843850108023541,-1.217948717948718,0.01595929585806155,0,1
0,0,2,1,0,0.0,1,1,0.12411532444312001,-0.1282051282051282,-0.3979432348434361,1,0
1,1,1,1,0,0.0,1,0,0.6313044773895552,0.9102564102564107,0.2849023208016303,0,1
1,0,0,1,0,0.0,1,0,-0.6703419503836698,-0.7179487179487181,-0.08539862898732754,0,1
1,0,1,1,1,0.0,1,0,-0.21589808537584743,-0.3076923076923076,-0.17203571091741354,0,0
1,1,0,1,0,0.0,1,1,-0.07434999627505029,-0.20512820512820495,-0.23117468250113682,1,0
1,0,3,1,0,0.0,1,0,2.1273560306935857,2.1666666666666665,-0.3898249239629428,0,0
1,1,0,1,0,0.0,1,1,-0.32019667734485585,-0.025641025641025588,0.5986364065004013,0,1
1,1,0,1,0,0.0,0,0,-0.6730239141771586,-0.3846153846153846,0.8432368547499444,0,1
0,1,0,1,0,0.0,1,1,-0.08656783133427699,0.17948717948717963,0.44339971293911995,1,0
1,0,0,1,0,0.0,1,1,1.775907025255159,0.6923076923076924,-0.8900515178016406,0,1
1,0,0,0,0,0.0,1,1,-0.00014899798852715488,-0.2564102564102564,-0.42730413807811995,1,0
1,0,0,1,0,0.0,1,0,-0.5413096923191537,-0.641025641025641,-0.21336991684062556,0,1
1,0,0,1,0,0.0,1,1,-0.7162333308500335,-1.0641025641025643,-0.95442451181861,0,1
1,1,0,1,0,0.0,1,1,-0.8989048647843254,-0.7051282051282051,0.7967347404078668,0,1
1,1,0,1,0,0.0,1,1,0.25642553825523356,0.05128205128205144,-0.31121022775461027,1,0
1,1,0,0,1,0.0,1,1,-0.2150040974446845,-0.4358974358974358,-0.41196508169655915,0,1
0,0,0,1,0,0.0,1,1,-0.5979289279594725,-0.5384615384615384,0.18766419025554998,0,1
1,1,1,1,0,0.0,1,1,0.06928406466512702,-1.1025641025641026,-1.8282829388626443,0,1
1,1,0,1,0,0.0,1,1,0.1205393727184683,0.17948717948717963,0.06811868559427481,0,1
0,1,0,1,0,0.0,0,0,0.19921031066080608,-0.1282051282051282,-0.49326997482541735,0,1
0,0,0,1,0,0.0,1,1,0.2558295463011249,0.17948717948717963,-0.13214053833556733,1,0
0,1,0,0,0,0.0,1,1,-0.5496535796766744,-0.3846153846153846,0.432595883436126,1,0
0,0,0,1,0,0.0,1,1,-0.694479624525069,-0.1282051282051282,1.6510358277113555,1,0
0,0,0,1,0,0.0,1,0,-0.35357222677493855,-0.2307692307692308,0.2627514273288766,1,0
1,1,2,1,0,0.0,1,0,-0.23854577963197496,0.05128205128205144,0.5482821217405602,0,1
0,1,1,1,1,0.0,0,0,1.8128585264098935,2.0000000000000004,0.08283736191371506,0,1
1,1,2,1,0,0.0,1,1,-0.4593607986292185,-0.42307692307692296,0.10104082312277611,1,0
1,1,0,1,0,0.0,1,1,-0.5046561871414736,-0.4358974358974358,0.18533748149560458,1,0
1,1,0,1,0,0.0,1,0,0.04455039856961931,0.06410256410256424,0.014007631699459299,0,0
1,1,1,1,0,0.0,1,1,1.464203233256351,0.6410256410256413,-0.7501266994845485,0,1
1,1,2,0,0,0.0,1,1,0.23824778365492066,0.17948717948717963,-0.10776942995275221,0,1
1,1,0,1,0,0.0,1,1,0.26208746181926545,-0.1282051282051282,-0.5672175457702118,0,1
1,1,3,1,0,0.0,1,1,-0.7114653952171646,-0.3974358974358974,0.9571889301909721,0,1
1,1,0,0,1,-180.0,0,0,0.19116441928033973,2.1666666666666665,0.3476938783529908,0,0
1,1,1,1,0,0.0,0,0,-0.14050510318110707,-0.025641025641025588,0.1964228724732218,0,0
0,0,0,1,0,0.0,0,0,-0.37264396930641436,-0.17948717948717938,0.4156933772189252,1,0
1,1,0,1,0,0.0,1,0,1.4615212694628623,1.6410256410256412,0.09716049465934691,1,0
1,0,0,0,0,-180.0,0,0,0.011174849139536615,1.5641025641025645,-0.11489817569225742,0,1
1,1,1,1,0,0.0,1,1,1.589361543619161,2.1666666666666665,0.5475876381870758,0,1
1,1,3,0,1,-300.0,1,1,0.5016762273709305,2.1666666666666665,-0.729913143515911,0,1
0,0,0,1,0,0.0,0,0,-0.33271250838113686,0.07692307692307702,0.8390181911764083,1,0
1,1,0,1,0,0.0,1,1,0.2555315503240706,0.5384615384615387,0.36761178641384706,0,1
1,1,2,0,1,0.0,1,1,-0.49661029576100724,-0.42307692307692296,0.19440156325476596,1,0
1,0,0,1,0,-60.0,1,1,-0.5711092900245847,-0.42051282051282046,-0.11036144190363642,1,0
1,1,3,0,0,0.0,0,0,-0.1971243388214259,-0.44871794871794857,-0.4643641340263707,1,0
1,1,3,1,1,0.0,1,1,0.4837964687476719,0.7307692307692311,0.2722573222211497,1,0
1,0,0,1,0,120.0,1,0,-0.49661029576100724,-0.5801282051282052,0.6717925643420533,0,1
1,0,0,1,0,0.0,1,0,0.9188705952469641,0.5897435897435901,-0.3830309343839015,0,1
1,1,1,1,1,0.0,1,0,-0.41555539000223496,-0.2564102564102564,0.36032223596607665,0,1
1,1,3,1,0,-60.0,0,0,0.5216419578335693,1.1025641025641029,0.11031110672691159,1,0
1,1,3,0,1,0.0,1,1,0.024584668106980557,0.0,-0.054662802117458054,1,0
0,0,0,1,0,0.0,1,1,-0.46800268196379347,-0.2435897435897436,0.5294503567245683,1,0
1,1,1,1,1,0.0,1,1,-0.900394844669597,-0.025641025641025588,1.9507776780404298,1,0
0,1,2,1,0,0.0,1,0,-0.6429263204946734,0.47435897435897467,1.9507776780404298,0,1
1,1,0,1,0,0.0,1,0,0.8443716009833867,1.730769230769231,0.8942133716668127,1,0
1,1,1,1,0,-120.0,1,1,-0.4256872532220815,-0.7051282051282051,-1.2969664876594695,0,1
1,0,0,1,0,0.0,1,1,-0.15480891007971392,0.07692307692307702,0.4075982719417843,1,0
1,1,2,0,0,0.0,1,1,-0.024882664084034865,-0.3974358974358974,-0.6227209885429958,1,0
1,1,0,1,0,0.0,1,1,-0.23794978767786634,-0.33333333333333315,-0.17998803923825,1,0
1,0,0,1,0,0.0,1,1,0.9385383297325486,1.0256410256410262,0.043224495273864474,0,1
1,1,0,1,0,0.0,1,1,1.324741115994934,0.576923076923077,-0.7143331675971276,1,0
1,1,0,1,0,0.0,1,1,0.13156522386947775,0.012820512820513056,-0.1976653719161011,1,0
1,1,2,1,0,-180.0,1,1,1.9332489011398346,2.1666666666666665,-0.9327248464443905,1,0
1,1,2,0,0,0.0,1,1,-0.0964016985770692,-0.6282051282051282,-0.9202860369793701,0,1
1,0,0,1,0,0.0,1,1,-0.3824778365492066,-0.10256410256410235,0.6030008445053613,1,0
1,0,0,0,0,-240.0,1,1,-0.5353497727780675,-0.7051282051282051,-1.9270706358104435,1,0
1,0,0,1,0,0.0,1,0,0.40691350666765996,-0.025641025641025588,-0.5880547467144394,0,1
0,1,0,1,0,0.0,1,1,-0.1878864635327423,0.08974358974358981,0.5030449199439297,1,0
1,1,0,1,0,0.0,1,1,-0.7278551739551516,-1.0256410256410258,-0.8186698159439588,1,0
1,1,0,0,0,-180.0,1,1,-0.36608805781121956,1.2820512820512826,0.37261100841351436,1,0
1,1,0,1,0,0.0,1,1,-0.03471653132682709,0.012820512820513056,0.06576495506084462,1,0
1,1,2,0,0,-180.0,1,1,0.6360724130224242,1.743589743589744,-0.7290261680150644,0,1
1,0,0,1,0,0.0,1,1,0.9632719958280563,0.26923076923076944,-0.7463571817555426,1,0
1,1,0,1,0,0.0,1,1,2.1273560306935857,-0.025641025641025588,-1.6505703894362824,0,1
1,1,0,1,0,0.0,1,1,0.839901661327572,-0.025641025641025588,-0.9606520508285812,1,0
1,1,0,1,0,0.0,1,1,-0.25225359457647323,0.38461538461538486,1.2175408381506738,0,1
1,1,1,1,0,0.0,1,1,-0.3976756313789764,-0.3846153846153846,0.04124056624375676,0,1
1,1,2,1,0,0.0,1,1,2.1236683304775386,1.2179487179487183,-0.6926924808159923,0,1
1,0,0,0,0,0.0,1,0,0.5711092900245847,-0.1282051282051282,-0.8687951670662939,0,0
1,1,2,1,0,0.0,0,0,0.5910750204872234,1.1025641025641029,0.56615367727713,0,1
1,1,3,0,0,120.0,1,1,-0.7722565745362437,-0.7628205128205128,1.0232347227752276,1,0
1,0,0,1,0,0.0,1,1,-0.029948595693958132,0.07692307692307702,0.1626787695877071,0,1
0,1,0,1,0,0.0,1,1,-0.04604037845489086,0.1153846153846154,0.2558445612567356,1,0
1,1,0,0,0,0.0,0,0,0.676301869924756,0.28205128205128227,-0.48704986721024046,0,0
0,0,1,1,1,0.0,1,1,0.6062728153169932,-0.025641025641025588,-0.77765951362196,1,0
1,0,0,1,0,0.0,1,1,-0.10921552559040452,-0.1538461538461538,-0.0853566533477473,1,0
1,1,1,1,0,-180.0,1,1,2.1273560306935857,2.1666666666666665,-1.2803631926884467,0,0
0,1,0,1,0,0.0,1,1,0.009982865231319377,0.3076923076923078,0.4618390678776327,1,0
1,1,1,1,0,0.0,1,1,-0.537733740594502,-0.5769230769230769,-0.06674598499366827,0,1
1,1,0,1,0,0.0,1,0,0.6834537733740594,0.576923076923077,-0.16015877656054914,0,0
0,0,0,1,0,0.0,1,1,1.4874469194665871,1.6538461538461544,0.08453122608821513,0,1
1,1,0,1,0,0.0,1,1,0.8694032630559487,0.6410256410256413,-0.2831827657217307,0,0
0,0,0,1,0,0.0,1,1,-0.37264396930641436,-1.1025641025641026,-1.5180495760571129,1,0
0,0,0,1,0,0.0,0,1,1.6987260671980928,0.08974358974358981,-1.3209267729807372,1,0
1,1,2,1,0,0.0,1,1,-0.7329211055650748,-0.6282051282051282,0.3651390744442738,1,0
1,1,0,0,0,0.0,1,1,0.267451389406243,0.8205128205128209,0.7380349132219395,0,0
0,0,0,1,0,0.0,1,1,-0.5138940624301572,-0.4743589743589744,0.11864548179159831,0,0
1,1,3,1,0,0.0,1,1,2.1273560306935857,2.1666666666666665,-0.9605572966652466,0,0
1,0,0,1,0,0.0,1,1,0.026372643969306414,-0.025641025641025588,-0.0981955438489719,0,0
1,1,1,1,1,-180.0,0,0,2.1273560306935857,2.1666666666666665,-1.45337307193395,0,1
1,1,0,1,0,0.0,1,0,0.9632719958280563,0.6666666666666669,-0.34532307465936707,0,0
1,0,0,1,1,120.0,1,1,2.1273560306935857,2.1666666666666665,0.9066619059771022,0,1
1,0,0,1,0,0.0,1,1,-0.43909707218952543,-0.7179487179487181,-0.5999208241268859,0,1
1,0,0,1,0,0.0,1,1,-0.8041421440810549,-0.7692307692307692,0.18182130922500978,1,0
1,1,0,1,1,-240.0,1,1,-0.5833271250838113,-0.7051282051282051,-1.8911046254174793,1,0
1,0,0,1,0,0.0,1,1,-0.15540490203382254,-0.35897435897435903,-0.3682944309404965,1,0
1,1,3,1,0,0.0,1,0,1.887357520673471,2.0512820512820515,0.06172241534619809,1,0
0,1,0,1,0,0.0,1,0,-0.24837964687476718,-0.5897435897435896,-0.6490208890398441,0,0
1,1,2,1,1,0.0,1,1,0.4170453698875065,-0.5384615384615384,-1.255211340134845,0,1
1,0,0,1,0,0.0,0,0,2.1273560306935857,1.4358974358974361,-0.8945263076373954,1,0
1,1,2,0,0,0.0,1,0,0.06362214110109514,-0.012820512820512794,-0.1360835924712916,0,0
1,1,2,1,0,0.0,1,0,0.5091261267972882,0.7051282051282055,0.20539411920085465,0,0
1,0,0,1,0,0.0,1,1,0.00014899798852715488,0.48717948717948745,0.770270431570681,0,1
1,0,0,1,1,-180.0,1,1,0.456976830812784,2.1666666666666665,0.11755534995024748,1,0
1,1,0,1,0,0.0,1,1,-0.20397824629367503,-0.10256410256410235,0.18491831006326,1,0
1,1,2,1,0,-180.0,1,1,1.8894434925128512,2.1666666666666665,-0.920147760905914,0,1
0,1,0,1,0,0.0,1,1,0.4170453698875065,-0.3846153846153846,-1.0582245164027446,1,0
0,1,2,1,0,0.0,1,1,2.1273560306935857,-0.7692307692307692,-2.049222321959571,0,1
1,1,1,1,0,0.0,1,1,-0.731133129702749,-1.2820512820512822,-1.5669243182668875,0,1
0,0,0,1,0,0.0,1,0,1.8623258586009088,1.2179487179487183,-0.5418081189680282,0,0
1,1,0,1,0,0.0,1,1,0.08150189972435372,-0.06410256410256397,-0.24177356273864986,1,0
1,0,0,1,0,0.0,0,0,0.25642553825523356,-0.1538461538461538,-0.5964127534957809,0,0
1,1,0,1,1,0.0,1,1,0.27132533710794904,0.28205128205128227,-0.01176898732741302,0,0
1,0,0,1,0,0.0,1,0,1.1173359159651344,1.4615384615384621,0.27870409534454466,0,1
1,1,2,0,0,0.0,1,0,-0.9343663860537883,-0.21794871794871776,1.9507776780404298,0,0
1,0,0,1,0,0.0,1,1,-0.6444163003799449,-1.0256410256410258,-0.9805355928861922,0,1
1,1,3,1,0,-180.0,0,1,2.1273560306935857,2.1666666666666665,-1.0214116833969833,1,0
1,1,1,1,0,0.0,1,1,0.17388065261118976,0.38461538461538486,0.28391237595863245,0,0
1,1,1,1,0,0.0,1,1,1.2281904194293376,0.7307692307692311,-0.5061189285902411,0,1
1,0,0,1,0,0.0,1,1,-0.10534157788869851,-0.1282051282051282,-0.04787106964197869,0,0
1,1,0,1,0,0.0,1,1,1.4278477240557252,1.602564102564103,0.09523934304214286,1,0
1,1,0,0,0,0.0,1,1,-0.7487148923489533,-0.4102564102564102,1.0760707390748054,1,0
1,1,0,1,0,0.0,1,0,0.7499068762571706,1.8589743589743595,1.1788700583354135,0,1
1,1,1,1,0,0.0,0,0,-0.3121507859643895,-0.1153846153846154,0.398985023708701,1,0
1,1,2,1,0,0.0,1,1,0.05885420546822618,0.35897435897435925,0.44920071909426007,0,0
1,1,0,1,0,-180.0,1,1,1.1641212843626612,0.25641025641025667,-1.7996806953293014,0,1
1,1,0,1,0,0.0,1,1,0.4340311405796022,0.6666666666666669,0.2630747067710596,0,0
0,1,0,1,0,0.0,1,0,-0.24837964687476718,-0.2307692307692308,0.034565941559178956,0,0
1,1,0,1,0,0.0,1,1,0.10593756984280712,-0.012820512820512794,-0.19915446668264236,0,0
1,0,0,1,0,120.0,0,0,-0.9474782090441779,-1.060897435897436,0.4513033310224861,1,0
1,1,2,1,0,0.0,1,1,0.7698726067198093,0.8974358974358977,0.09743151615891063,1,0
1,1,0,0,0,0.0,1,1,-0.5445876480667511,-0.44871794871794857,0.26188175891904414,0,0
1,1,3,1,0,-60.0,1,1,2.1273560306935857,2.1666666666666665,-1.1866936325247395,0,1
1,1,3,0,0,-180.0,1,0,-0.5645533785293898,0.41025641025641046,-0.12653612636034636,0,0
1,1,0,1,0,0.0,1,1,1.7630931982418236,0.7307692307692311,-0.8535665683840096,1,0
1,1,0,0,1,0.0,1,0,-0.10027564627877524,-0.5512820512820513,-0.7835804199027665,1,0
1,1,0,1,0,0.0,1,1,0.013260820978916784,-0.17948717948717938,-0.3230980184379715,0,0
1,1,2,1,0,0.0,1,1,-0.5222379497876779,-0.3717948717948718,0.3844817479466918,0,0
1,1,3,1,0,0.0,0,0,2.1273560306935857,2.1666666666666665,0.593797077804697,1,0
1,1,1,1,0,0.0,1,1,-0.49661029576100724,-0.17948717948717938,0.7613033770459198,1,0
1,0,0,0,0,120.0,0,0,-0.4864784325411607,-0.6858974358974359,0.3162409816744404,0,1
1,1,1,1,0,0.0,0,0,2.1273560306935857,0.6410256410256413,-1.2243284241797758,0,1
1,0,0,1,0,0.0,1,0,0.465618714147359,-0.8076923076923077,-1.6256259769181851,0,0
1,1,0,1,0,-180.0,1,1,-0.24331371526484394,0.20512820512820523,-0.924159281004782,1,0
1,1,1,1,0,0.0,1,0,2.1273560306935857,1.6666666666666667,-1.8402702383457314,1,0
0,1,0,1,0,0.0,1,1,-0.533859792892796,-0.282051282051282,0.6337247474450066,1,0
1,1,0,1,1,0.0,1,1,2.1273560306935857,-0.1282051282051282,-2.049222321959571,1,0
1,1,1,1,1,-60.0,0,0,-0.9650599716903822,-0.6512820512820513,0.6907797064307525,0,0
1,1,0,1,0,0.0,1,1,-0.2668553974521344,-0.9230769230769231,-1.2643613584900188,0,0
1,1,0,1,1,0.0,1,1,0.16494077329956044,0.48717948717948745,0.4488401715603963,0,0
1,1,0,1,0,-180.0,1,1,1.1656112642479326,2.1666666666666665,-0.4447383935504003,0,0
1,0,0,0,0,0.0,1,1,-0.15838486180436565,-1.0512820512820513,-1.6003650528467435,0,0
1,0,0,1,0,0.0,1,0,1.9618565149370484,0.435897435897436,-1.1706383304791967,1,0
1,1,0,0,0,0.0,1,0,0.18371451985398196,0.38461538461538486,0.2675918233356829,0,1
1,0,0,1,0,0.0,1,1,-0.46442673023914177,-0.6923076923076923,-0.4956530223954142,1,0
1,0,0,1,0,0.0,1,1,-0.3651940698800566,-0.1282051282051282,0.5038983866600935,0,0
1,1,1,1,0,0.0,1,0,0.0868658273113313,0.5128205128205131,0.6325675504124917,1,0
1,0,0,1,0,0.0,1,1,1.9865901810325561,0.7307692307692311,-0.9681623731791498,0,0
0,0,0,0,0,0.0,1,1,-0.34105639573865754,-0.1282051282051282,0.4431544584842371,0,1
0,1,0,1,0,0.0,1,1,0.24301571928778962,-0.21794871794871776,-0.6709941063790951,1,0
1,0,0,1,1,0.0,1,0,1.6638605378827387,-0.6025641025641026,-1.8555316701072653,0,1
1,1,1,0,0,0.0,1,1,-0.09431572673768904,-0.5128205128205128,-0.7252781594280966,1,0
1,0,2,1,0,0.0,0,1,-0.14706101467630187,0.4615384615384616,1.07301846398378,1,0
1,1,3,0,0,-180.0,1,0,-0.4244952693138643,1.6153846153846156,0.887826342764945,0,1
1,1,1,0,0,0.0,1,1,-0.24837964687476718,0.06410256410256424,0.5960836952655199,0,1
1,1,2,0,0,0.0,1,1,-0.4468449675929375,-0.07692307692307676,0.842259969456497,1,0
0,0,0,0,0,0.0,1,1,-0.3005289428592714,-0.1282051282051282,0.3461854761458353,1,0
0,0,0,1,0,0.0,1,1,-0.647396260150488,-0.641025641025641,0.05949151385687123,0,1
1,0,0,0,0,0.0,1,1,0.3246666170006705,-0.9615384615384616,-1.7539055164977175,0,0
1,0,0,1,0,0.0,1,1,-0.8753631825970349,-0.9102564102564104,-0.03684372980418063,0,1
1,0,0,1,0,0.0,1,0,-0.595544960143038,-0.03846153846153838,1.4575742413804027,1,0
0,0,0,1,0,0.0,1,0,1.3658645608284288,1.0769230769230773,-0.30536714100848833,1,0
1,1,3,1,0,0.0,0,0,-0.21947403710049915,-0.025641025641025588,0.36041734408159487,1,0
1,1,1,1,1,0.0,1,1,0.7063994636072413,1.4102564102564104,0.7486896363917899,0,1
1,1,3,0,1,0.0,1,1,0.08537584742605975,0.0,-0.14928040514371957,0,0
1,1,0,1,0,0.0,1,1,0.23169187215972584,0.08974358974358981,-0.2250111716769014,0,1
1,1,3,0,0,0.0,1,1,-0.17388065261118976,-0.3846153846153846,-0.3846869078422321,1,0
1,1,0,1,0,0.0,1,0,-1.0330030544587647,0.06410256410256424,1.9507776780404298,0,0
1,1,0,1,0,0.0,1,1,0.025478656038143484,0.012820512820513056,-0.03576909798374762,1,0
1,1,2,1,0,0.0,0,0,-0.12411532444312001,-0.7435897435897436,-1.0885867521673191,1,0
0,1,2,1,0,0.0,1,1,0.37234597332936004,-0.03846153846153838,-0.5680919843864508,1,0
1,1,0,1,0,0.0,0,0,-0.9522461446770468,-0.8974358974358975,0.32287100673173935,0,1
1,1,2,1,0,0.0,1,1,0.09222975489830887,-0.17948717948717938,-0.43309122329925664,1,0
1,0,0,1,0,0.0,1,1,0.10295761007226402,0.17948717948717963,0.09646059880486835,1,0
1,1,0,1,0,0.0,1,1,0.9450942412277434,0.576923076923077,-0.4197988145850777,1,0
1,1,0,1,0,0.0,1,1,0.24837964687476718,-0.025641025641025588,-0.4083045756179345,1,0
1,1,0,1,0,0.0,1,0,-0.6456082842881621,0.5128205128205131,1.9507776780404298,0,0
1,1,0,0,1,0.0,1,0,-0.2030842583625121,0.10256410256410262,0.5611721970758531,0,1
1,1,2,1,0,0.0,1,1,0.7534828279818222,1.0256410256410262,0.25762432523796663,1,0
1,1,0,1,0,120.0,1,1,-0.19623035089026297,-0.14743589743589725,1.015726292347956,1,0
1,0,0,1,1,0.0,1,1,0.29307904343291363,0.8974358974358977,0.7967347404078668,0,0
1,1,1,1,0,0.0,1,1,-0.25970349400283094,-0.33333333333333315,-0.13951611097934946,1,0
1,1,0,1,0,-180.0,1,1,-0.5067421589808537,-0.5897435897435896,-1.4351641399991895,0,0
1,0,0,0,0,0.0,1,1,0.11040750949862177,-0.1282051282051282,-0.37964626668796686,0,0
0,0,0,1,0,0.0,1,1,0.8691052670788945,1.9230769230769238,1.059823136906184,1,0
1,1,1,1,0,0.0,1,1,-0.14378305892870447,0.12820512820512847,0.4750042339131099,1,0
1,1,1,1,0,0.0,1,1,0.40035759517246516,0.5128205128205131,0.11398307176243613,0,0
1,1,0,1,0,0.0,1,0,0.09818967443939507,1.602564102564103,1.9507776780404298,0,1
0,0,0,1,1,0.0,1,1,-0.5821351411755942,-0.10256410256410235,1.2420028921459407,0,1
0,0,1,1,0,0.0,1,1,-0.47813454518364,-0.2307692307692308,0.5876041854121138,0,0
1,1,1,1,0,0.0,1,1,-0.626238545779632,-0.4358974358974358,0.5404290337826838,1,0
1,1,2,1,0,0.0,1,1,1.6099232660359084,-0.1282051282051282,-1.4587589290779754,0,0
1,1,1,0,0,-180.0,1,0,-0.27519928480965505,1.9230769230769238,0.7866179566161503,0,1
1,0,0,1,0,-300.0,1,1,0.9683379274379796,2.1666666666666665,-0.6985443670619186,0,1
1,1,2,1,1,0.0,1,1,0.6357744170453699,-0.282051282051282,-1.0992569152710912,0,0
1,1,0,0,0,0.0,1,1,0.7171273187811964,-0.08974358974358955,-0.940572962938479,1,0
1,0,0,1,1,-180.0,1,0,1.4799970200402295,1.4102564102564104,-1.406646265207524,0,1
1,1,2,1,0,0.0,1,1,1.2773597556432987,-0.2307692307692308,-1.4082721797092943,0,1
1,1,1,0,0,-180.0,1,1,0.3550622066602101,1.8461538461538465,-0.380058820979602,0,1
1,1,1,1,0,120.0,1,1,-0.2060642181330552,-0.4839743589743589,0.21287204841588117,1,0
1,1,0,1,0,0.0,1,1,-0.5183640020859719,-0.5128205128205128,0.03885512424466585,0,1
1,1,0,0,0,0.0,0,0,0.04216643075318483,0.9102564102564107,1.346564731406057,1,0
0,0,2,1,0,0.0,1,0,-0.5928629963495493,0.10256410256410262,1.8057964398275013,0,1
1,0,0,0,1,0.0,1,1,-0.19861431870669746,-0.33333333333333315,-0.25001176999425495,0,0
1,1,1,0,0,-180.0,1,1,1.294941518289503,2.1666666666666665,0.49801578475142894,1,0
1,0,0,1,1,0.0,0,0,2.1273560306935857,0.7948717948717953,-1.377775531672118,0,1
0,0,3,1,0,0.0,1,1,-0.6953736124562319,1.602564102564103,1.9507776780404298,0,0
1,0,0,0,0,0.0,0,0,0.18729047157863368,-0.19230769230769218,-0.5712157354802899,0,0
1,1,3,1,0,0.0,1,0,-0.049616330179542575,-0.4615384615384616,-0.6964441441313329,0,1
1,1,0,1,0,0.0,1,0,2.1273560306935857,2.1666666666666665,-0.6730812183231067,0,0
1,1,3,0,0,0.0,1,0,-0.1446770468598674,-0.025641025641025588,0.20464571967385894,1,0
1,1,1,1,0,0.0,1,1,1.465097221187514,2.1666666666666665,0.8735477820726848,0,1
1,0,0,1,0,0.0,1,1,-0.34195038366982045,0.05128205128205144,0.8122966533391506,1,0
0,0,1,1,0,-324.0,1,0,-0.5767712135886166,2.1666666666666665,1.9507776780404298,1,0
0,0,0,1,0,0.0,1,1,0.5314758250763615,-0.1282051282051282,-0.8349727828396976,0,0
1,0,0,1,1,0.0,1,1,-0.0746479922521046,-0.025641025641025588,0.07252408424605597,1,0
1,0,0,1,0,0.0,1,1,0.6333904492289354,0.26923076923076944,-0.45963740074479253,0,0
1,1,2,1,0,0.0,1,1,0.20219027043134918,0.25641025641025667,0.053832627690558986,1,0
1,1,3,1,0,0.0,0,1,0.21679207330701036,0.38461538461538486,0.2139820535337368,0,1
0,0,0,1,0,0.0,1,0,-0.595544960143038,0.06410256410256424,1.719454910496455,0,0
0,0,1,1,0,0.0,1,1,-0.2921850555017507,-0.5128205128205128,-0.42972582872127624,0,1
0,0,0,1,0,0.0,1,1,-0.6494822319898681,-1.2820512820512822,-1.6628164514594073,0,1
1,1,0,1,0,0.0,1,1,1.7073679505326678,0.07692307692307702,-1.3345527643236101,0,1
1,0,0,1,0,0.0,1,1,-0.21649407732995604,-0.051282051282051176,0.3061787472780022,0,0
1,1,0,1,0,0.0,1,1,-0.17090069284064666,0.25641025641025667,0.765689893574597,1,0
1,1,2,1,0,0.0,1,1,-0.45191089920286076,-0.5128205128205128,-0.11773870668692209,1,0
1,1,1,1,0,0.0,1,1,-0.2456976830812784,-0.19230769230769218,0.10230470935925179,1,0
1,1,0,1,0,0.0,1,1,0.5514415555390002,0.9871794871794874,0.4873553725861532,1,0
1,1,0,1,0,0.0,1,1,-0.30201892274454295,-0.641025641025641,-0.666830831123846,0,1
1,1,0,1,0,0.0,1,1,2.1273560306935857,2.1666666666666665,0.6454420247454203,1,0
0,1,0,0,0,0.0,1,1,-0.3923117037919988,-0.07692307692307676,0.6841639774799859,0,0
1,0,1,0,1,0.0,0,0,0.3166207256202041,0.35897435897435925,0.028785606200223017,0,1
1,1,0,1,0,0.0,1,1,-0.20546822617894658,-0.2307692307692308,-0.0487312901787175,1,0
1,1,2,1,0,-180.0,1,1,-0.6346420359681144,0.3333333333333334,-0.04452268818110016,0,1
0,0,0,1,0,0.0,1,1,-0.5779631974968338,-0.9743589743589745,-0.9620822558697064,0,1
1,1,0,1,0,0.0,1,0,2.1273560306935857,-0.025641025641025588,-2.00680562080311,0,0
1,0,0,1,0,0.0,1,1,0.2367578037696491,-0.5256410256410255,-1.0964843411806373,0,0
0,0,0,1,1,-60.0,1,0,-0.3276465767712136,-0.1435897435897435,-0.13388768797069545,1,0
1,1,0,1,0,0.0,1,1,0.08567384340311406,-0.1282051282051282,-0.3458855348376228,0,0
0,0,0,1,0,0.0,1,1,-0.38515980034269537,-0.19230769230769218,0.420291200681222,1,0
1,0,0,1,0,0.0,1,1,1.2192505401177085,0.7307692307692311,-0.4991974021317428,0,0
1,1,0,1,0,0.0,1,1,0.022200700290546077,0.1153846153846154,0.13258134130782923,0,0
1,1,2,1,0,0.0,0,0,-0.30291291067570586,-0.03846153846153838,0.5297280547855381,1,0
1,1,2,1,0,0.0,1,1,-0.20964016985770692,0.05128205128205144,0.4814325228120614,0,1
0,0,0,1,0,120.0,0,0,0.00014899798852715488,-0.2916666666666665,0.2538936737719317,0,1
1,1,0,1,0,0.0,1,1,0.08954779110482008,0.5384615384615387,0.6664639805993766,1,0
1,1,3,1,0,0.0,1,1,0.07434999627505029,-0.2564102564102564,-0.5275722832757372,0,1
1,1,1,1,0,0.0,1,1,0.43462713253371077,0.8974358974358977,0.5551572629400455,1,0
0,1,1,1,0,0.0,1,1,-0.22364598077925948,0.06410256410256424,0.5374560053134191,0,1
0,0,0,1,0,120.0,1,0,0.6330924532518811,-0.21474358974358976,-0.45934033881930614,0,0
1,1,1,1,0,0.0,1,0,-0.1422930790434329,-0.21794871794871776,-0.13987000314484535,0,1
1,1,0,0,0,0.0,0,0,-0.20338225433956642,-0.4743589743589744,-0.5017180143763167,0,1
1,1,0,0,0,0.0,1,1,-0.23586381583848617,-0.3205128205128204,-0.15960966897043555,1,0
0,0,0,1,0,0.0,1,1,-0.12411532444312001,0.02564102564102585,0.2540754383906767,0,0
1,1,1,1,0,0.0,1,1,-0.5925650003724949,-0.4358974358974358,0.4336192972447566,0,1
1,0,0,1,0,0.0,1,1,0.32287864113834464,0.12820512820512847,-0.28987488496358804,0,0
1,0,0,0,0,0.0,1,0,-1.0181032556060494,-0.025641025641025588,1.9507776780404298,0,1
0,0,0,1,0,0.0,1,1,0.0034269537361245623,0.06410256410256424,0.083002267611401,0,0
0,0,0,1,0,0.0,0,0,-0.3437383595321463,-0.33333333333333315,0.029846968096379524,0,1
1,0,0,1,0,0.0,1,0,2.1273560306935857,2.1666666666666665,-0.04538076687359493,0,0
1,1,2,0,0,0.0,1,1,0.6706399463607241,0.7051282051282055,1.9771865460051716e-05,0,0
0,0,0,1,0,0.0,1,1,-0.7448409446472473,-0.5897435897435896,0.5222396455278342,1,0
1,0,0,0,0,0.0,1,1,-0.025180660061089176,-0.2435897435897436,-0.3705193285748245,1,0
0,0,0,1,0,0.0,1,1,-0.8670192952395143,-0.9487179487179488,-0.2004766782957705,0,0
1,1,2,1,1,-276.0,1,1,0.09818967443939507,2.1666666666666665,0.10424686258389158,0,0
1,1,0,1,0,0.0,1,0,-0.3279445727482679,0.3717948717948721,1.4221542134386753,0,0
1,1,1,0,0,-180.0,1,1,-0.11249348133800194,1.1794871794871797,-0.23508099134267693,0,1
1,1,2,1,0,0.0,1,1,-0.5064441630037995,-0.1282051282051282,0.9124386637097526,1,0
1,1,0,1,0,0.0,1,1,-0.3648960739030023,-0.5384615384615384,-0.3509766581686643,0,1
0,0,1,1,0,0.0,1,1,-0.558891454965358,-0.2307692307692308,0.839194552103299,1,0
1,1,1,1,1,0.0,1,0,1.3658645608284288,0.32051282051282065,-0.9655093846995029,0,0
1,1,0,1,0,0.0,1,1,-0.25314758250763614,-0.19230769230769218,0.11764347709625717,1,0
1,1,3,1,0,0.0,1,1,-0.2638754376815913,-0.07692307692307676,0.3622746706085262,1,0
1,1,2,0,0,0.0,1,1,-0.06719809282574685,-0.025641025641025588,0.05917258422157622,0,0
0,0,0,1,0,0.0,1,1,0.21887804514639053,0.02564102564102585,-0.29866219759224594,0,0
1,1,3,1,0,0.0,1,1,2.1273560306935857,2.1666666666666665,-0.46201106324025437,0,0
1,1,1,1,1,0.0,0,0,2.1273560306935857,2.1666666666666665,0.38250171468782784,0,0
1,0,0,1,0,0.0,0,1,-0.14884899053862774,0.0,0.25842627919527794,0,0
1,1,0,1,1,0.0,1,1,0.7633166952246144,0.6923076923076924,-0.1192490516956169,1,0
0,1,0,1,0,0.0,1,0,0.4075094986217686,-0.2564102564102564,-0.8855513179268865,0,1
0,0,0,1,0,0.0,1,1,-0.8691052670788945,-0.8076923076923077,0.2988308447426101,0,1
1,0,1,1,0,0.0,1,1,0.2266259405498026,-0.16666666666666657,-0.5804748634432828,0,1
1,0,0,1,0,0.0,1,1,-0.7394770170602697,-0.4102564102564102,1.0361895071438811,1,0
1,0,0,1,0,0.0,1,1,-0.7698726067198093,-0.7564102564102564,0.10434309056024167,0,1
1,1,0,1,0,-180.0,1,1,2.1273560306935857,2.1666666666666665,-1.8341677145578332,0,1
1,1,1,1,1,-180.0,1,1,1.8623258586009088,2.1666666666666665,-0.9542207867918598,0,1
1,1,0,1,1,0.0,1,1,1.3637785889890486,-0.7692307692307692,-1.9160131319038303,1,0
1,1,1,1,0,0.0,1,1,0.15540490203382254,0.38461538461538486,0.3150657967941535,0,0
1,1,2,1,1,0.0,1,1,0.5016762273709305,0.5897435897435901,0.07379309731105847,0,0
0,0,3,0,0,0.0,0,0,-1.068762571705282,-0.025641025641025588,1.9507776780404298,0,1
0,0,0,1,0,0.0,1,1,-0.37443194516874023,-0.7564102564102564,-0.7901456530801491,1,0
1,1,3,0,0,0.0,1,0,-0.3523802428667213,0.5512820512820514,1.8719506095294318,0,0
0,0,0,1,0,0.0,1,0,-0.9054607762795203,-1.076923076923077,-0.5354114353060827,0,0
1,1,1,0,0,0.0,1,1,0.10921552559040452,0.35897435897435925,0.35717616870720026,0,1
1,1,3,0,0,0.0,1,1,-0.6685539745213439,-0.7179487179487181,-0.09034230894670277,1,0
1,1,2,1,0,0.0,1,1,-0.15004097444684497,-0.06410256410256397,0.14696490147106944,0,0
1,1,0,1,0,0.0,1,1,-0.13692915145645534,0.38461538461538486,0.9117099527869065,1,0
1,1,0,0,0,0.0,0,0,0.398271623333085,0.28205128205128227,-0.1813370725687941,0,0
1,1,2,0,0,0.0,1,1,-0.04931833420248827,-0.051282051282051176,-0.014968392671049326,0,1
1,1,0,1,0,0.0,1,1,1.6388288758101766,1.6538461538461544,-0.045042867381734145,1,0
1,1,0,1,0,0.0,1,1,1.0306190866423304,0.7307692307692311,-0.34224307441113727,0,0
1,1,0,1,0,0.0,1,1,1.0926022498696268,1.2564102564102568,0.10882608592538054,1,0
1,0,0,1,0,0.0,1,0,2.1273560306935857,2.1666666666666665,-0.031850522976067275,0,0
1,1,3,1,0,0.0,1,1,-0.19891231468375176,-0.44871794871794857,-0.4615398544978671,0,0
0,1,0,1,1,0.0,0,0,0.024882664084034865,-0.3205128205128204,-0.5637278958582844,0,0
0,1,0,1,0,0.0,1,1,-0.7415629888996499,0.0,1.9507776780404298,1,0
0,0,0,1,0,-180.0,1,1,-0.4778365492065857,1.3076923076923082,0.7041178696379421,0,1
1,1,2,1,0,0.0,1,1,1.8128585264098935,0.44871794871794884,-1.0944244138653973,0,0
1,1,1,1,0,0.0,1,0,-0.4593607986292185,-0.8076923076923077,-0.7651928482049632,0,1
1,1,0,0,0,120.0,0,0,-0.22364598077925948,-0.7051282051282051,-0.30182776146629725,0,1
1,1,3,1,0,0.0,1,1,0.8694032630559487,0.8974358974358977,-0.014671808486710566,1,0
0,0,1,1,0,0.0,1,0,-0.20666021008716381,-0.6282051282051282,-0.7808803039225648,1,0
1,1,2,1,0,0.0,1,1,0.9686359234150339,1.3589743589743593,0.3469117941533461,1,0
1,1,0,1,0,0.0,1,1,0.49661029576100724,0.0,-0.6462013915134228,0,1
1,1,0,1,0,-60.0,1,1,0.187588467555688,-0.20512820512820495,-0.9416918987687478,0,1
1,0,0,1,1,0.0,1,1,0.4188333457498324,0.14102564102564125,-0.3872219057480175,0,0
1,0,0,0,0,0.0,1,0,0.23824778365492066,0.038461538461538644,-0.3057703428675144,0,0
1,0,0,1,0,120.0,1,0,-0.8691052670788945,-0.7435897435897436,1.5967376289486725,1,0
1,0,0,1,0,0.0,0,0,-0.08716382328838561,-0.07692307692307676,0.007903234522041946,0,0
1,1,1,1,0,0.0,1,1,0.27072934515384045,0.576923076923077,0.3959483075379117,1,0
1,1,0,1,0,0.0,1,0,2.1273560306935857,2.1666666666666665,-0.14831498415325278,0,0
0,0,0,1,1,0.0,1,1,2.1273560306935857,-0.9615384615384616,-2.049222321959571,1,0
1,1,2,1,0,0.0,1,1,-0.06898606868807271,0.32051282051282065,0.6450054969594435,1,0
1,1,2,1,1,-60.0,1,1,2.1273560306935857,2.1666666666666665,-0.22725079033118403,0,0
1,0,1,1,0,-180.0,0,0,-0.10951352156745883,1.1794871794871797,-0.2399625528191953,0,1
0,0,0,1,0,0.0,1,1,-0.3556581986143187,-0.2564102564102564,0.21467202829915713,0,1
1,1,0,1,0,-180.0,1,1,0.0964016985770692,1.4102564102564104,-0.3606486446731584,0,1
1,1,3,1,0,0.0,1,1,2.1273560306935857,0.0,-1.6416184924054948,0,0
1,1,0,1,0,0.0,1,1,-0.32973254861059376,0.0,0.6750462443088605,1,0
1,0,0,1,0,120.0,1,0,-0.6995455561349921,-0.983974358974359,-0.11128850776159899,0,1
1,1,2,1,0,0.0,1,1,-0.007598897414884899,0.0,-0.001672112727418913,0,1
1,1,0,1,0,0.0,1,1,0.12411532444312001,-0.025641025641025588,-0.24448735844387065,1,0
1,0,0,1,0,0.0,1,1,1.4174178648588245,2.1282051282051286,0.555797180101901,1,0
0,0,0,1,0,0.0,1,1,0.17388065261118976,0.3333333333333334,0.20932003203874364,0,1
1,0,0,1,1,0.0,1,1,0.5216419578335693,-0.025641025641025588,-0.701493389680416,0,1
1,1,2,1,0,0.0,1,0,-0.25344557848469046,-0.3846153846153846,-0.2493101613924771,0,1
1,0,1,1,0,-180.0,1,1,-0.521343961856515,1.2307692307692313,0.7481058006250789,0,1
1,0,0,0,0,0.0,1,1,-0.4382030842583625,0.02564102564102585,1.0430681113419902,1,0
1,1,0,0,0,0.0,0,0,0.21738806526111898,-0.025641025641025588,-0.3695291789790192,0,1
1,1,0,1,0,0.0,1,1,-0.19861431870669746,0.07692307692307702,0.5037634948804094,0,1
1,1,0,1,0,0.0,1,1,0.021306712359383147,-0.06410256410256397,-0.15130024290340027,0,0
1,0,3,1,0,0.0,1,1,1.1176339119421888,0.7051282051282055,-0.44174980695569865,0,0
1,1,3,1,0,0.0,1,1,1.2180585562094912,1.8589743589743595,0.537733546241587,0,0
1,1,0,1,0,0.0,1,1,-0.21411010951352158,-0.1282051282051282,0.15816283065307285,0,1
1,1,2,0,0,-180.0,1,1,-0.5359457647321761,1.2307692307692313,0.7948018956752825,1,0
1,1,2,1,0,0.0,1,1,-0.2731133129702749,-0.21794871794871776,0.10986357347889203,0,1
1,1,2,1,0,0.0,1,1,-0.49363033599046413,0.06410256410256424,1.3174924605932599,1,0
0,0,0,1,0,0.0,0,0,-0.6664680026819638,-0.7564102564102564,-0.20164156087837892,0,1
1,1,0,1,0,0.0,1,1,-0.2754972807867094,-0.44871794871794857,-0.3334837386765992,0,1
1,0,0,0,0,0.0,1,1,0.04514639052372793,-0.2692307692307692,-0.5094350749996666,0,0
0,0,0,1,0,0.0,0,0,-0.6307084854354467,-0.3461538461538462,0.7924965390487821,1,0
1,1,2,0,0,-180.0,0,0,-0.7531848320047679,-0.5128205128205128,-0.9569696070077398,0,1
1,0,0,0,0,-60.0,1,0,-0.7931162929300455,-0.6666666666666667,-0.05994343811853126,0,0
1,0,0,1,0,0.0,1,1,2.1273560306935857,-0.3461538461538462,-2.049222321959571,1,0
0,0,0,0,0,0.0,1,1,-1.0291291067570587,-0.9871794871794872,0.32115154918404804,1,0
0,0,0,1,1,0.0,1,0,0.6032928555464501,0.8205128205128209,0.21734966078216922,0,0
0,0,0,1,0,0.0,1,1,-0.25910750204872235,-0.19230769230769218,0.13003593303614389,1,0
1,1,0,0,0,0.0,1,1,-0.25314758250763614,-0.19230769230769218,0.11764347709625717,0,1
0,0,0,0,0,0.0,1,1,-0.9546301124934813,-0.8205128205128205,0.6371558302200118,0,0
1,1,1,1,0,-60.0,0,0,0.8592713998361022,0.6717948717948721,-0.6507386803869606,1,0
1,1,3,1,0,0.0,0,0,2.1273560306935857,2.1666666666666665,-2.049222321959571,0,0
0,0,1,0,1,0.0,1,0,-0.461744766445653,-0.8717948717948718,-0.9058615503353251,1,0
1,1,0,1,0,0.0,1,1,0.25016762273709303,0.38461538461538486,0.16181749077006788,0,1
1,1,0,0,0,0.0,0,0,0.20248826640840348,1.1282051282051284,1.3014811621098692,0,0
1,1,0,0,0,0.0,1,1,-0.3368844520598972,-0.2564102564102564,0.17183241915879952,0,0
0,1,0,0,0,0.0,0,0,-0.009088877300156449,0.6153846153846156,0.9979824191278596,1,0
0,0,0,1,0,0.0,1,1,-0.7215972584370111,-0.8974358974358975,-0.4582752196382564,0,1
0,0,1,1,0,0.0,1,0,-0.8393056693734634,0.38461538461538486,1.9507776780404298,0,1
1,1,2,1,1,0.0,1,0,2.1273560306935857,1.397435897435898,-1.4617556727220955,0,1
1,1,0,1,0,0.0,1,1,-0.48230648886240035,-0.2307692307692308,0.5997219837079238,0,0
1,1,0,1,0,0.0,1,1,-0.22453996871042242,0.10256410256410262,0.6115236141056019,1,0
1,1,0,1,0,0.0,1,1,0.12292334053490278,0.10256410256410262,-0.05085099973947841,0,0
0,0,0,0,0,0.0,0,0,-0.8035461521269462,-0.641025641025641,0.5910573215111149,0,1
1,1,0,1,0,0.0,1,1,-0.5594874469194666,-0.3846153846153846,0.4618042614301948,0,1
1,1,1,1,0,0.0,0,0,1.0431349176786113,-0.2564102564102564,-1.3195260542941725,0,1
1,1,0,1,0,0.0,1,1,2.1273560306935857,-0.4358974358974358,-1.9779199880637983,1,0
1,1,0,1,0,0.0,1,1,0.461744766445653,-0.1153846153846154,-0.7562685439922701,0,0
0,0,1,0,0,0.0,1,0,-0.24152573940251806,-0.6282051282051282,-0.7321370503405027,0,0
1,1,2,1,0,0.0,1,1,0.1545109141026596,0.038461538461538644,-0.19242289523998282,1,0
1,1,0,1,0,0.0,1,1,-0.7391432613156522,-0.5512820512820513,0.6155806884111295,0,0
1,0,0,0,0,-180.0,1,1,-0.8044401400581093,-0.1282051282051282,-0.228927147200558,0,1
0,0,1,1,1,0.0,1,1,0.9558220964016986,0.25641025641025667,-0.7536685118695038,1,0
1,0,0,1,0,0.0,0,0,0.32287864113834464,-0.3205128205128204,-0.8923515089319198,0,0
1,0,0,1,0,0.0,1,1,2.1273560306935857,2.1666666666666665,0.819545190406668,1,0
1,1,0,1,0,0.0,1,1,-0.1941443790508828,0.16666666666666685,0.658048161831736,1,0
1,0,0,1,0,0.0,1,1,-0.49661029576100724,-0.3846153846153846,0.28391237595863245,0,1
0,1,0,1,0,-120.0,1,1,1.3798703717499814,0.7948717948717953,-1.2743081019856528,1,0
1,0,0,1,0,0.0,1,1,-0.4885644043805409,-1.0256410256410258,-1.2185990154697843,1,0
1,1,0,1,0,0.0,1,1,-0.6193846383073829,-0.025641025641025588,1.5907309117390667,0,1
1,0,0,1,1,0.0,0,0,1.4898308872830217,0.7307692307692311,-0.6910301836855347,0,1
0,1,0,0,1,0.0,1,1,0.5141920584072115,0.10256410256410262,-0.5378358205713091,0,0
1,0,0,1,0,0.0,1,1,0.9856216941071295,0.7307692307692311,-0.30143744806195194,1,0
1,1,0,1,0,0.0,1,1,1.2865976309319824,0.6410256410256413,-0.6307519111050528,0,0
1,0,3,0,0,0.0,1,1,0.3824778365492066,0.2307692307692308,-0.22821416438687178,1,0
1,0,1,1,0,0.0,1,1,2.1273560306935857,0.28205128205128227,-2.049222321959571,1,0
1,1,0,1,0,-60.0,1,1,2.1273560306935857,1.0256410256410262,-1.449909666361568,0,0
1,1,1,1,1,0.0,1,1,-0.22066602100871638,0.0,0.41089164405151374,0,0
1,1,2,0,0,0.0,1,1,-0.22781792445801982,-0.2564102564102564,-0.054094203970699764,0,0
1,1,0,1,0,0.0,1,0,-0.14944498249273636,-0.9615384615384616,-1.4477227087329847,0,0
1,1,2,1,0,0.0,0,0,-0.10921552559040452,0.25641025641025667,0.6236398829205017,0,0
1,0,1,0,1,0.0,1,0,-0.32943455263353943,0.7692307692307697,1.9507776780404298,1,0
1,1,2,0,0,0.0,0,0,-0.5520375474931088,-0.06410256410256397,1.2244791368339958,0,0
1,1,2,0,0,-60.0,1,1,-0.5967369440512553,-0.7435897435897436,-0.7333751263583028,0,1
1,1,0,1,0,0.0,0,0,0.07881993593086493,0.24358974358974386,0.23480564012684485,0,0
1,1,0,1,0,-180.0,0,1,-0.1393131192728898,0.6410256410256413,-0.6650336683323741,0,0
1,0,0,1,1,0.0,1,1,0.4972062877151158,-0.5897435897435896,-1.3732273464112301,1,0
1,1,2,1,0,0.0,1,1,-0.46412873426208745,-0.4358974358974358,0.08365928370415032,1,0
1,1,0,1,0,0.0,1,1,-0.33241451240408254,-0.1538461538461538,0.3699337723414847,0,1
1,1,0,1,0,0.0,1,0,0.25642553825523356,0.5512820512820514,0.3839709287394929,0,1
1,0,2,1,0,0.0,1,1,-0.3166207256202041,0.07692307692307702,0.7951286236778509,0,0
1,1,0,1,0,0.0,1,0,0.8694032630559487,0.38461538461538486,-0.5516937229567511,1,0
1,1,0,1,1,0.0,1,1,0.22334798480220516,0.38461538461538486,0.20358588169524255,1,0
1,1,3,1,0,-180.0,1,1,0.6923936526856888,1.6153846153846156,-0.8494286634443274,0,1
1,1,0,1,0,0.0,1,1,-0.06362214110109514,0.29487179487179505,0.5904248328118362,0,0
0,0,1,0,0,0.0,1,1,-0.06719809282574685,0.02564102564102585,0.14538989562965385,1,0
1,0,0,1,0,0.0,0,0,-0.37264396930641436,-0.4102564102564102,-0.06774236110008426,1,0
1,0,0,1,0,0.0,1,1,0.17388065261118976,0.12820512820512847,-0.08904934364081116,0,0
1,1,3,0,0,-180.0,0,0,-0.2400357595172465,0.12820512820512847,-1.001191896649469,0,1
1,1,0,1,0,0.0,1,1,2.1273560306935857,-0.2564102564102564,-1.9624379380630326,1,0
0,1,2,0,0,0.0,1,1,-0.6822617894658423,-0.4102564102564102,0.8067982661805572,1,0
1,1,0,1,0,0.0,1,0,0.4075094986217686,-0.2564102564102564,-0.8855513179268865,0,1
1,1,1,1,1,0.0,1,1,0.03352454741860985,0.41025641025641046,0.5785582054414264,1,0
1,1,1,0,0,-180.0,0,0,-0.3765179170081204,1.2307692307692313,0.34462080900684394,0,0
1,1,3,1,0,0.0,1,1,-0.21619608135290175,-0.3846153846153846,-0.3146073053768206,1,0
0,0,0,1,1,0.0,1,1,-0.8691052670788945,-0.4743589743589744,1.4624714098928735,0,1
1,0,2,1,0,0.0,1,1,1.4195038366982047,0.41025641025641046,-0.9192372185055837,0,0
1,1,2,1,1,0.0,1,1,2.1273560306935857,0.25641025641025667,-1.7428695054748669,0,0
1,1,2,1,0,-60.0,1,1,0.9039707963942487,1.871794871794872,0.34570485021179437,1,0
1,1,2,1,0,0.0,0,0,-0.20010429859196902,0.02564102564102585,0.41281800717951483,1,0
1,1,1,1,1,0.0,1,1,2.1273560306935857,-0.5641025641025641,-2.049222321959571,1,0
1,1,2,1,0,0.0,1,0,-0.25821351411755944,-0.025641025641025588,0.447851593364981,0,1
0,0,0,0,0,0.0,1,1,-0.3178127095284214,0.3076923076923078,1.2613292962882074,0,0
1,1,3,0,0,0.0,1,1,-0.6917976607315801,-0.21794871794871776,1.385324368572174,0,0
1,1,0,1,0,0.0,1,1,-0.05468226178946584,-0.025641025641025588,0.0370292502769062,1,0
1,1,0,1,0,0.0,1,1,1.6140952097146688,1.3333333333333337,-0.28291507271534855,1,0
1,1,2,1,0,0.0,1,1,0.8691052670788945,1.4871794871794877,0.6032997311802365,1,0
1,1,1,0,0,0.0,1,1,-0.30470088653803173,0.012820512820513056,0.6359936715659357,0,0
1,0,2,1,0,0.0,0,0,-0.5571034791030322,-0.641025641025641,-0.17621744782686624,0,0
1,1,1,1,0,0.0,1,0,2.1273560306935857,2.1666666666666665,0.35177908062146684,0,1
1,1,2,1,1,0.0,1,1,0.37234597332936004,0.38461538461538486,-0.014188440426881381,1,0
1,0,0,1,0,0.0,1,0,-0.8884750055874245,-0.7051282051282051,0.7464768084803236,0,1
1,0,0,0,0,0.0,1,1,0.02011472845116591,-0.4358974358974358,-0.7411202713431202,1,0
1,1,1,0,0,0.0,1,1,0.3121507859643895,0.7179487179487181,0.5197829684280821,0,1
1,0,0,0,0,0.0,1,1,-0.5141920584072115,-0.2564102564102564,0.6347449661643398,0,0
0,0,0,0,1,0.0,1,1,2.1273560306935857,1.2179487179487183,-1.2414649773750348,1,0
1,1,0,1,0,0.0,0,0,0.10057364225582954,-0.141025641025641,-0.38578531032941943,0,0
0,1,1,1,0,-276.0,1,1,-0.35089026298144976,2.1666666666666665,0.07169636565576418,1,0
1,1,0,0,0,0.0,1,1,-0.33271250838113686,-0.29487179487179477,0.08442122361474419,0,0
1,1,0,1,0,-348.0,1,1,0.6155106906056769,2.1666666666666665,-1.0398475045122066,0,1
1,1,1,1,1,0.0,1,1,-0.7513968561424421,-0.44871794871794857,0.9718624908674501,1,0
1,0,0,1,0,0.0,0,0,1.5741637487893914,1.012820512820513,-0.5140911463397562,0,0
0,0,0,1,0,120.0,1,1,-0.3243686210236162,-0.5801282051282052,0.2215222916263781,0,0
0,0,0,1,0,0.0,1,1,-0.6727259182001043,-0.3846153846153846,0.8421152915224714,1,0
1,1,2,1,0,0.0,1,1,1.5115845936079864,1.0000000000000004,-0.4809987225277081,1,0
1,1,1,0,0,0.0,1,0,1.172763167697236,0.10256410256410262,-1.048731852242287,0,0
1,1,0,0,0,-60.0,1,1,-0.03561051925799002,0.24102564102564109,-0.08052973479211699,1,0
1,1,2,1,0,0.0,1,1,0.7478209044177904,1.4487179487179491,0.730562974298011,0,0
1,1,0,1,0,0.0,1,1,2.1273560306935857,2.1666666666666665,-0.7468181945707385,0,1
1,0,0,1,0,0.0,1,0,-0.5463756239290769,-0.4358974358974358,0.298068891131818,0,1
1,1,0,1,1,0.0,1,1,0.02249869626760039,0.7435897435897436,1.130342615049576,0,1
0,0,1,1,0,0.0,1,1,2.1273560306935857,-1.153846153846154,-2.049222321959571,0,1
1,0,0,0,0,0.0,1,0,-0.15838486180436565,-0.3846153846153846,-0.40933069752405865,0,0
1,1,1,1,0,0.0,1,1,0.7904343291365566,1.538461538461539,0.7668351726341788,1,0
1,1,2,1,0,0.0,1,1,-0.029352603739849513,0.2307692307692308,0.41407727847397013,0,1
1,1,0,1,0,-180.0,1,0,1.00707740445504,0.12820512820512847,-1.8093543558723497,1,0
1,0,0,1,0,0.0,1,0,1.211204648737242,2.1666666666666665,0.9704357311373568,0,0
1,1,3,1,0,0.0,1,1,0.44028905609774266,0.25641025641025667,-0.2653054043392426,0,0
0,1,2,1,0,120.0,1,1,-0.5225359457647322,-0.5801282051282052,0.751870897192332,1,0
1,1,0,0,0,0.0,0,0,-0.16166281755196305,-0.08974358974358955,0.12383114546990945,1,0
1,0,0,1,0,0.0,1,0,0.352082246889667,0.7051282051282055,0.43743829751548124,1,0
0,0,0,0,0,0.0,1,0,-0.6009088877300156,-0.44871794871794857,0.4265153863937136,0,0
1,1,2,0,0,0.0,1,1,-0.4417790359830142,-1.0897435897435899,-1.4199178285764962,1,0
1,0,0,1,0,0.0,1,1,-0.8691052670788945,-0.9615384615384616,-0.23823403148058836,1,0
1,1,3,1,1,0.0,1,1,0.5019742233479848,-0.3846153846153846,-1.1241087167074537,0,0
1,1,2,1,1,0.0,1,1,2.1273560306935857,2.1666666666666665,0.8536450861685005,0,0
1,0,0,1,0,0.0,1,0,0.40244356701184536,-0.025641025641025588,-0.5833738098869182,1,0
1,1,2,1,1,0.0,1,1,2.1273560306935857,2.1666666666666665,-0.1423295892978743,0,0
1,1,0,1,0,0.0,1,1,-0.48916039633464947,-0.2564102564102564,0.5605462342045769,1,0
1,1,1,0,0,0.0,0,1,0.38694777620502124,0.39743589743589763,-0.017122995631685383,1,0
1,0,1,0,0,0.0,1,1,-0.42777322506146165,-0.4615384615384616,-0.05785209354620799,1,0
1,0,0,0,0,0.0,1,1,0.4072115026447143,0.0,-0.5553752088808049,1,0
1,1,0,1,0,0.0,1,1,0.3303285405647024,1.1025641025641029,1.0041143172541094,0,0
1,1,3,1,0,0.0,1,1,-0.33837443194516875,-0.3846153846153846,-0.08617437593541935,0,1
1,0,2,1,0,0.0,0,0,-0.5448856440438055,-0.2564102564102564,0.730468548589404,0,0
1,0,1,1,0,0.0,1,0,1.738359532146316,0.8461538461538465,-0.750434793063824,1,0
0,0,0,0,1,0.0,1,1,2.1273560306935857,-0.06410256410256397,-1.9298356343475596,0,1
1,0,0,0,0,0.0,1,1,-0.2456976830812784,-0.051282051282051176,0.37033033537801535,0,0
1,1,0,1,0,0.0,1,1,1.3774864039335468,2.1666666666666665,0.9113232257041647,0,1
1,0,2,1,0,0.0,1,1,-0.5362437607092304,-0.29487179487179477,0.6101636562496577,1,0
1,1,0,0,0,0.0,1,0,-0.5851151009461373,-0.8205128205128205,-0.5611650912136944,0,0
1,1,3,1,0,-180.0,1,1,0.29814497504283693,2.1666666666666665,0.037712306732632414,0,0
0,1,1,1,0,-180.0,1,1,0.6068688072711018,1.9230769230769238,-0.598024742815095,1,0
0,0,0,1,0,0.0,0,0,-0.9769798107725546,-0.3974358974358974,1.9507776780404298,1,0
0,0,1,1,0,0.0,1,1,-0.5258139015123295,-0.44871794871794857,0.21079063684767896,1,0
1,1,1,0,0,0.0,1,1,-0.19474037100499142,-0.025641025641025588,0.30709034551593534,0,1
0,1,0,0,0,0.0,1,1,-0.5174700141548089,-0.35897435897435903,0.40147639626715226,1,0
1,1,0,1,0,0.0,1,1,-0.20815018997243537,0.32051282051282065,0.9760812646429741,0,0
1,0,0,0,0,-324.0,1,0,-0.6134247187662967,2.1666666666666665,-0.0341824319427392,1,0
1,0,0,1,0,0.0,1,1,-0.3300305445876481,0.19230769230769243,1.065323005929339,0,0
0,0,0,1,0,0.0,0,0,-0.12411532444312001,-0.3461538461538462,-0.3948779537123544,1,0
1,1,0,1,0,0.0,1,1,-0.18341652387692767,-0.2564102564102564,-0.1362036372873143,0,0
1,1,2,1,1,0.0,0,0,0.3625121060865678,-0.025641025641025588,-0.5406181013828778,0,0
1,1,1,0,0,0.0,1,1,-0.1637487893913432,-0.025641025641025588,0.2428383094483999,0,0
1,1,1,1,0,0.0,1,1,0.34761230723385234,0.35897435897435925,-0.01432102704478091,0,1
1,1,0,0,0,0.0,0,0,-0.187588467555688,0.6538461538461541,1.5308059127185012,0,1
1,1,0,1,0,-180.0,0,0,0.7278551739551516,1.7179487179487185,-0.8204985081892547,0,0
1,1,1,1,0,0.0,1,1,0.32287864113834464,-1.3333333333333335,-2.049222321959571,1,0
0,0,0,1,0,0.0,1,1,-0.3350964761975713,-0.5897435897435896,-0.5099781809520189,0,1
1,1,3,1,1,0.0,1,1,1.4072860016389779,1.6666666666666667,0.16943788425398001,1,0
1,1,0,1,0,0.0,1,1,0.339566415853386,0.41025641025641046,0.06500500911624993,1,0
0,1,0,1,0,0.0,1,1,0.3187066974595843,0.6666666666666669,0.43985936694748357,1,0
1,1,2,0,0,0.0,1,1,-0.4468449675929375,-0.282051282051282,0.38522237587025043,1,0
0,1,1,1,1,0.0,1,1,2.1273560306935857,2.1666666666666665,0.7457693032063931,1,0
1,1,0,1,0,0.0,1,1,0.7630186992475602,1.0384615384615385,0.2597869845441516,0,0
1,0,0,0,1,0.0,1,1,0.1142814572003278,0.02564102564102585,-0.15335308839933592,1,0
1,1,2,1,0,0.0,0,0,1.0079713923862028,1.6410256410256412,0.5809592825335724,0,1
1,1,0,0,0,0.0,1,1,-0.28294718021306714,-0.1282051282051282,0.30595443863475774,0,0
1,0,0,1,0,0.0,1,1,-0.6208746181926544,-0.7692307692307692,-0.3498875579781355,0,1
1,1,3,1,0,0.0,0,0,0.14408105490575876,-0.08974358974358955,-0.3671902870709044,0,0
0,0,0,1,0,0.0,1,0,-0.9054607762795203,-1.5512820512820515,-2.049222321959571,0,1
1,1,0,1,0,0.0,0,0,-0.05557624972062877,-0.33333333333333315,-0.47484722184979533,0,1
1,1,1,1,0,0.0,1,1,-0.07434999627505029,0.7179487179487181,1.3279453375004069,0,1
1,1,0,1,0,0.0,0,0,0.3428443716009834,0.44871794871794884,0.1114878623749702,0,1
1,1,2,1,0,0.0,1,1,2.1273560306935857,1.8589743589743595,-0.853547019445214,0,1
1,1,2,0,0,120.0,1,0,0.6953736124562319,0.13141025641025647,-1.9771865460051716e-05,1,0
1,1,3,1,0,0.0,1,0,0.2948670192952395,0.25641025641025667,-0.07985047512743103,1,0
1,1,2,1,0,-276.0,1,1,-0.5353497727780675,2.1666666666666665,0.6383290376774402,0,1
1,1,0,1,0,0.0,0,0,-0.03561051925799002,0.07692307692307702,0.17294623095415393,1,0
1,0,0,1,0,0.0,1,1,0.16434478134545183,-0.2564102564102564,-0.6374930519525931,0,1
1,1,1,1,0,0.0,1,1,-0.4179393578186694,-0.29487179487179477,0.28279739323935155,0,0
1,0,0,1,0,0.0,1,1,0.20338225433956642,0.39743589743589763,0.2538259411262128,0,1
1,1,2,1,0,0.0,1,1,0.334798480220517,0.9615384615384619,0.8074274502587682,1,0
1,0,0,1,0,0.0,1,0,2.1273560306935857,-0.5128205128205128,-2.049222321959571,0,1
0,1,0,1,0,0.0,1,1,-0.6706399463607241,-1.2051282051282053,-1.4275177763915612,1,0
1,1,1,1,0,0.0,1,0,-1.0538627728525665,-0.8846153846153846,0.9306438684555394,0,0
1,1,1,1,0,0.0,0,0,-0.2123221336511957,0.20512820512820523,0.7729489164538206,0,0
1,1,1,1,0,-276.0,1,0,0.5562094911718691,2.1666666666666665,-0.05735041401949362,0,0
1,1,0,1,0,0.0,1,1,-0.4760485733442599,-0.33333333333333315,0.34719574707684087,0,1
0,0,0,0,0,0.0,1,1,-0.9689339193920882,-0.7692307692307692,0.9178611649313582,1,0
1,0,0,1,0,0.0,1,1,-0.19861431870669746,-0.4615384615384616,-0.4855665402675875,1,0
1,1,2,1,1,0.0,0,0,-0.8017581762646204,-0.3076923076923076,1.6509826262292255,1,0
1,1,0,1,0,-180.0,1,1,0.2978469790657826,-0.2307692307692308,-1.7231983245291451,1,0
1,1,2,1,1,-120.0,1,0,0.17388065261118976,2.1666666666666665,1.1230762450573795,1,0
1,0,3,1,1,0.0,1,1,1.1742531475825075,2.076923076923077,0.7918769110206506,1,0
1,1,0,1,0,-180.0,1,1,0.5192579900171348,1.974358974358975,-0.48045336645833,0,0
1,1,0,1,1,0.0,1,1,2.1273560306935857,1.6666666666666667,-0.895127898904124,0,1
1,0,0,0,0,0.0,1,1,-0.47187662966549954,-0.2564102564102564,0.511211769901836,0,0
1,1,2,0,1,0.0,1,0,0.5860090888773002,0.7307692307692311,0.1341821122592216,0,0
1,0,0,1,0,0.0,0,0,-0.7239812262534456,-0.5384615384615384,0.5965659232894012,1,0
1,1,0,1,1,0.0,1,1,1.3548387096774193,0.6410256410256413,-0.6783086458805819,0,0
1,1,2,1,0,0.0,1,1,0.1083215376592416,0.7948717948717953,1.0169305653443892,0,1
0,0,3,1,0,-180.0,1,0,2.1273560306935857,2.1666666666666665,-1.7692160561703851,0,1
1,1,0,0,0,0.0,1,1,0.08030991581613649,0.32051282051282065,0.3502924780048224,0,0
1,1,3,1,0,0.0,1,1,0.08537584742605975,-0.025641025641025588,-0.18851888169284545,0,1
1,0,0,1,0,0.0,1,1,0.7630186992475602,0.5384615384615387,-0.2872422393888417,0,0
0,1,1,1,0,0.0,1,1,1.9618565149370484,2.1666666666666665,1.9249439421961831,1,0
1,1,0,0,0,-180.0,1,0,0.2334798480220517,1.6153846153846156,-0.3898249239629428,0,1
1,1,1,1,0,0.0,1,1,0.14408105490575876,0.5512820512820514,0.5810174746225955,1,0
1,1,2,0,0,0.0,1,1,-0.005512925575504731,0.3461538461538462,0.5544788994768651,0,0
1,1,0,1,0,0.0,1,1,-0.06988005661923564,-0.282051282051282,-0.3678709765486157,0,0
0,0,0,1,0,0.0,1,1,-0.7499068762571706,-0.7564102564102564,0.039558145876238356,0,0
1,1,3,1,0,-180.0,1,1,-0.39052372792967294,-0.641025641025641,-1.6097812261381028,0,0
1,1,1,1,0,0.0,1,1,0.862847351560754,1.5769230769230775,0.7058724350434692,0,1
1,1,2,1,0,0.0,1,1,0.6456082842881621,0.7307692307692311,0.05943693243339716,0,1
0,0,0,1,1,0.0,0,0,-0.24837964687476718,0.038461538461538644,0.5472560645084465,1,0
